seqname,ratio
chr1,2.6082474226804124
chr2,3.2906976744186047
chr3,2.413793103448276
chr4,1.8346456692913387
chr5,2.1578947368421053
chr6,2.7023809523809526
chr7,3.28125
chr8,2.1625
chr9,2.875
chr10,1.9333333333333333
chr11,3.8375
chr12,1.828125
chr13,1.5125
chr14,1.621212121212121
chr15,2.8846153846153846
chr16,3.2222222222222223
chr17,3.462962962962963
chr18,2.4857142857142858
chr19,2.135593220338983
chrX,4.741935483870968
chrY,1.5
